{"ProjectBreakpointSettingValue":"{\"Value\":{\"Main.xaml\":[],\"System1/System1_Open.xaml\":[],\"System1/System1_NavigateTo_Dashboard.xaml\":[],\"System1/System1_NavigateTo_SearchVendors.xaml\":[],\"System1/System1_Extract_All_Vendors.xaml\":[],\"Framework/GetTransactionData.xaml\":[],\"Process.xaml\":[],\"Framework/InitAllApplications.xaml\":[],\"Framework/InitAllSettings.xaml\":[],\"Framework/KillAllProcesses.xaml\":[],\"Framework/GetAppCredentials.xaml\":[],\"System1/System1_Navigate_Vendor_Detail.xaml\":[],\"System1/System1_Extract_Invoice_Information.xaml\":[],\"System1/System1_Extract_Vendor_Information.xaml\":[]}}"}